file,seq_count,codon_count,A_fourth_count,A_fourth_prop,A_codon_count,A_codon_prop,A4_ratio,C_fourth_count,C_fourth_prop,C_codon_count,C_codon_prop,C4_ratio,G_fourth_count,G_fourth_prop,G_codon_count,G_codon_prop,G4_ratio,T_fourth_count,T_fourth_prop,T_codon_count,T_codon_prop,T4_ratio
AE015450.txt,763,297398,408,0.5347313237221494,110189,0.37051022535457534,1.4432295983475645,83,0.10878112712975098,40582,0.13645686924592634,0.7971832252262994,139,0.182175622542595,82554,0.27758760986960235,0.6562815344250148,133,0.1743119266055046,64073,0.21544529552989597,0.8090774327505167
AE017263.txt,683,245078,411,0.6017569546120058,95296,0.3888394715151911,1.5475716811031015,43,0.0629575402635432,22496,0.09179118484727311,0.6858778472932361,153,0.2240117130307467,72549,0.29602412293229097,0.7567346566616954,76,0.11127379209370425,54737,0.22334522070524487,0.4982143416471646
AF222894.txt,611,227717,325,0.5319148936170213,88941,0.39057690027534175,1.3618698219020162,60,0.09819967266775777,27457,0.12057509979492088,0.8144274633384491,138,0.22585924713584288,58856,0.25846116012418924,0.8738614615337897,88,0.14402618657937807,52463,0.2303868398055481,0.6251493648723145
CP000925.txt,483,177166,198,0.40993788819875776,66075,0.3729553074517684,1.0991608914206752,79,0.16356107660455488,26124,0.14745492927536885,1.1092275952274755,147,0.30434782608695654,47634,0.26886648679769254,1.1319663886409235,59,0.12215320910973085,37333,0.21072327647517017,0.5796854109001306
CP002082.txt,1091,284855,509,0.4665444546287809,104067,0.3653332397184533,1.2770380680069704,118,0.10815765352887259,37762,0.1325656913166348,0.8158796778763572,277,0.2538955087076077,79034,0.2774534412244826,0.9150923037288456,187,0.17140238313473877,63992,0.22464762774042935,0.7629832767821917
Mesoplasma_florum_l1.ASM830v1.cds.all.fa,683,245078,411,0.6017569546120058,95296,0.3888394715151911,1.5475716811031015,43,0.0629575402635432,22496,0.09179118484727311,0.6858778472932361,153,0.2240117130307467,72549,0.29602412293229097,0.7567346566616954,76,0.11127379209370425,54737,0.22334522070524487,0.4982143416471646
